Workbook

Sheet 견적서
A1: 견 적 서
A3: 수신 | B3: 금강변압기 귀중
A4: 공사명 | B4: 진공건조로 2기 회전·이동·안착 및 하부 접합 공사
A5: 공사 장소 | B5: 금강변압기 공장 야적장
A6: 견적일 | B6: 2026-10-12
A7: 유효기간 | B7: 견적일로부터 30일
A8: 공급자
A10: 번호 | B10: 공종 | C10: 재료비 | D10: 노무비 | E10: 경비 | F10: 금액
A11: 1 | B11: 가설·준비 | C11: =내역서!I5 -> 0 | D11: =내역서!J5 -> 0 | E11: =내역서!K5 -> 0 | F11: =내역서!L5 -> 0
A12: 2 | B12: 베이스 제작·설치 | C12: =내역서!I10 -> 0 | D12: =내역서!J10 -> 0 | E12: =내역서!K10 -> 0 | F12: =내역서!L10 -> 0
A13: 3 | B13: 1·2호기 회전·이동·안착 | C13: =내역서!I16 -> 0 | D13: =내역서!J16 -> 0 | E13: =내역서!K16 -> 0 | F13: =내역서!L16 -> 0
A14: 4 | B14: 밀착·하부 접합 | C14: =내역서!I23 -> 0 | D14: =내역서!J23 -> 0 | E14: =내역서!K23 -> 0 | F14: =내역서!L23 -> 0
A15: 5 | B15: 안전·부대 | C15: =내역서!I29 -> 0 | D15: =내역서!J29 -> 0 | E15: =내역서!K29 -> 0 | F15: =내역서!L29 -> 0
B16: 직접공사비 계 | F16: =SUM(F11:F15) -> 0
B17: 일반관리비 (직접공사비 × 요율) | E17: 0.06 | F17: =F16*E17 -> 0
B18: 이윤 ((직접공사비 + 일반관리비) × 요율) | E18: 0.1 | F18: =(F16+F17)*E18 -> 0
B19: 공급가액 | F19: =F16+F17+F18 -> 0
B20: 부가가치세 (10%) | F20: =F19*0.1 -> 0
B21: 총 견적금액 (VAT 포함) | F21: =F19+F20 -> 0
A23: 특기사항
A24: 1. 크레인 사양·대수·일수는 인양계획서와 구조검토 확정 후 조정합니다. 현장 30t 갠트리로는 1호기(45t) 단독 인양이 불가합니다.
A25: 2. 베이스 강재는 개략 산출(손실 5% 포함 약 3.2톤)이며, 구조검토 결과에 따라 레일 줄 수·보강이 늘 수 있습니다.
A26: 3. 하부 접합 용접 길이와 비파괴 검사 범위는 발주처 확인 후 정산합니다.
A27: 4. 지반 지지력 부족 시 보강 비용은 별도입니다.
A28: 5. 진공건조로 본체의 내부 작업, 전기·배관 해체·복구는 제외합니다.
A30: 입력 안내: 노란 칸 = 직접 입력(단가, 요율, 공급자). 파란 글씨 = 가정값. 초록 글씨 = 다른 시트에서 연동.

Sheet 자재산출
A1: 베이스 자재 산출 (사다리형 일체 베이스 v3, 10,000×5,000×H800)
A2: 파란 글씨 = 입력값(설계 가정). 단위중량은 KS D 3502 H형강 공칭값 기준, 발주 전 규격표와 대조 필요.
A4: 번호 | B4: 품명 | C4: 규격 | D4: 수량(EA) | E4: 개당 길이(m) | F4: 총 길이(m) | G4: 단위중량(kg/m) | H4: 중량(kg) | I4: 도장면적 계수(㎡/m) | J4: 도장면적(㎡) | K4: 비고
A5: 1 | B5: 상부 사다리 레일 | C5: H-250×125×6×9 | D5: 4 | E5: 10 | F5: =D5*E5 -> 40 | G5: 29.6 | H5: =F5*G5 -> 1184 | I5: 0.99 | J5: =F5*I5 -> 39.6 | K5: 10m 연속, 밀착 시 슬라이딩 레일
A6: 2 | B6: 상부 사다리 가로대 | C6: H-150×75×5×7 | D6: 18 | E6: =(1100+2200+1100-3*125)/1000/3 -> 1.3416667 | F6: =D6*E6 -> 24.15 | G6: 14 | H6: =F6*G6 -> 338.1 | I6: 0.59 | J6: =F6*I6 -> 14.2485 | K6: 6개소×3칸, 레일 상면과 높이 일치
A7: 3 | B7: 하부 사다리 레일 | C7: H-200×100×5.5×8 | D7: 8 | E7: 4.7 | F7: =D7*E7 -> 37.6 | G7: 21.3 | H7: =F7*G7 -> 800.88 | I7: 0.79 | J7: =F7*I7 -> 29.704 | K7: 통로부(W600)에서 분할
A8: 4 | B8: 하부 사다리 가로대 | C8: H-150×75×5×7 | D8: 18 | E8: =(1100+2200+1100-3*125)/1000/3 -> 1.3416667 | F8: =D8*E8 -> 24.15 | G8: 14 | H8: =F8*G8 -> 338.1 | I8: 0.59 | J8: =F8*I8 -> 14.2485 | K8: 6개소×3칸
A9: 5 | B9: 기둥 | C9: H-125×125×6.5×9 | D9: 24 | E9: 0.35 | F9: =D9*E9 -> 8.4 | G9: 23.8 | H9: =F9*G9 -> 199.92 | I9: 0.73 | J9: =F9*I9 -> 6.132 | K9: 레일 교차점
A10: 6 | B10: 보강 스티프너 | C10: PL-9 (120×230 2매 + 90×184 2매 / 기둥 1개소) | D10: 24 | G10: =(2*120*230*9+2*90*184*9)*7.85/1000000 -> 6.239808 | H10: =D10*G10 -> 149.75539 | K10: 기둥 위치 레일 웹 내부 (G열 = 1조당 kg)
A11: 7 | B11: 푸시 반력 브래킷 | C11: PL-25 300×400 2매 + PL-16 100×300 4매 | D11: 1 | G11: =(2*300*400*25+4*100*300*16)*7.85/1000000 -> 62.172 | H11: =D11*G11 -> 62.172 | K11: 탈착식, 밀착 후 제거 (예시) (G열 = 1조당 kg)
B12: 소계 | H12: =SUM(H5:H11) -> 3072.9274 | J12: =SUM(J5:J11) -> 103.933
B13: 손실률 | C13: 0.05
B14: 발주 중량 (손실 포함) | H14: =H12*(1+C13) -> 3226.5738 | I14: 톤 | J14: =H14/1000 -> 3.2265738
A16: 도장면적 계수는 H형강 외주 길이(2×높이 + 4×플랜지폭 − 2×웨브두께) 기준 개략값이에요.

Sheet 내역서
A1: 공사 내역서
A2: 노란 칸(단가)만 입력하면 금액이 계산돼요. 파란 글씨 수량은 가정값이라 확정 후 수정하세요. 초록 글씨는 자재산출 시트에서 가져온 값이에요.
A4: 번호 | B4: 공종 | C4: 규격·내용 | D4: 단위 | E4: 수량 | F4: 재료비 단가 | G4: 노무비 단가 | H4: 경비 단가 | I4: 재료비 | J4: 노무비 | K4: 경비 | L4: 합계 | M4: 비고
A5: 1 | B5: 가설·준비 | I5: =SUM(I6:I9) -> 0 | J5: =SUM(J6:J9) -> 0 | K5: =SUM(K6:K9) -> 0 | L5: =SUM(L6:L9) -> 0
A6: 1.1 | B6: 현장조사·실측 | C6: 지반, 동선, 간섭물, 하부 용접선 위치 | D6: 식 | E6: 1 | I6: =E6*F6 -> 0 | J6: =E6*G6 -> 0 | K6: =E6*H6 -> 0 | L6: =SUM(I6:K6) -> 0
A7: 1.2 | B7: 이동·설치 작업계획서 | C7: 인양계획(크레인 위치·줄걸이·하중배분), 위험성평가 | D7: 식 | E7: 1 | I7: =E7*F7 -> 0 | J7: =E7*G7 -> 0 | K7: =E7*H7 -> 0 | L7: =SUM(I7:K7) -> 0 | M7: 작업계획서 별도 제출
A8: 1.3 | B8: 구조검토 | C8: 베이스 레일·기둥·지반 지지력 검토 | D8: 식 | E8: 1 | I8: =E8*F8 -> 0 | J8: =E8*G8 -> 0 | K8: =E8*H8 -> 0 | L8: =SUM(I8:K8) -> 0 | M8: 개략검토상 스키드가 2줄에만 닿으면 휨 부족
A9: 1.4 | B9: 지반 평판재하시험 | C9: 아스팔트 지반 지지력 확인 | D9: 회 | E9: 1 | I9: =E9*F9 -> 0 | J9: =E9*G9 -> 0 | K9: =E9*H9 -> 0 | L9: =SUM(I9:K9) -> 0 | M9: 필요 시
A10: 2 | B10: 베이스 제작·설치 | I10: =SUM(I11:I15) -> 0 | J10: =SUM(J11:J15) -> 0 | K10: =SUM(K11:K15) -> 0 | L10: =SUM(L11:L15) -> 0
A11: 2.1 | B11: 강재 (H형강·강판) | C11: 사다리형 일체 베이스, 손실 5% 포함 | D11: kg | E11: =자재산출!$H$14 -> 3226.5738 | I11: =E11*F11 -> 0 | J11: =E11*G11 -> 0 | K11: =E11*H11 -> 0 | L11: =SUM(I11:K11) -> 0 | M11: 자재산출 시트 연동
A12: 2.2 | B12: 가공·조립·용접 | C12: 절단, 개선, 조립, 필렛 용접 | D12: kg | E12: =자재산출!$H$14 -> 3226.5738 | I12: =E12*F12 -> 0 | J12: =E12*G12 -> 0 | K12: =E12*H12 -> 0 | L12: =SUM(I12:K12) -> 0 | M12: 자재산출 시트 연동
A13: 2.3 | B13: 방청 도장 | C13: 동력공구 소지조정 + 방청 프라이머 1회 | D13: ㎡ | E13: =자재산출!$J$12 -> 103.933 | I13: =E13*F13 -> 0 | J13: =E13*G13 -> 0 | K13: =E13*H13 -> 0 | L13: =SUM(I13:K13) -> 0 | M13: 자재산출 시트 연동
A14: 2.4 | B14: 베이스 운반·설치 | C14: 현장 30t 갠트리 사용 가정, 레벨링 포함 | D14: 식 | E14: 1 | I14: =E14*F14 -> 0 | J14: =E14*G14 -> 0 | K14: =E14*H14 -> 0 | L14: =SUM(I14:K14) -> 0
A15: 2.5 | B15: 슬라이딩면 처리 | C15: 레일 상면 그리스 또는 PTFE·스테인리스 시트 | D15: 식 | E15: 1 | I15: =E15*F15 -> 0 | J15: =E15*G15 -> 0 | K15: =E15*H15 -> 0 | L15: =SUM(I15:K15) -> 0 | M15: 마찰계수 0.1 기준 푸시력 약 4.5tf
A16: 3 | B16: 1·2호기 회전·이동·안착 | I16: =SUM(I17:I22) -> 0 | J16: =SUM(J17:J22) -> 0 | K16: =SUM(K17:K22) -> 0 | L16: =SUM(L17:L22) -> 0
A17: 3.1 | B17: 대형 크레인 (100t급) | C17: 상단 4점 인양, 회전 | D17: 일 | E17: 2 | I17: =E17*F17 -> 0 | J17: =E17*G17 -> 0 | K17: =E17*H17 -> 0 | L17: =SUM(I17:K17) -> 0 | M17: 장비 사양·일수는 인양계획 확정 후 수정
A18: 3.2 | B18: 보조 크레인 (60t급) | C18: 하단 2점 지지, 회전 보조 | D18: 일 | E18: 2 | I18: =E18*F18 -> 0 | J18: =E18*G18 -> 0 | K18: =E18*H18 -> 0 | L18: =SUM(I18:K18) -> 0
A19: 3.3 | B19: 줄걸이·인양 작업 | C19: 줄걸이 반장, 기능공 | D19: 인 | E19: 8 | I19: =E19*F19 -> 0 | J19: =E19*G19 -> 0 | K19: =E19*H19 -> 0 | L19: =SUM(I19:K19) -> 0
A20: 3.4 | B20: 인양 치공구 | C20: 샤클, 슬링, 스프레더 빔 | D20: 식 | E20: 1 | I20: =E20*F20 -> 0 | J20: =E20*G20 -> 0 | K20: =E20*H20 -> 0 | L20: =SUM(I20:K20) -> 0
A21: 3.5 | B21: 도어 분리·재설치 | C21: 1호기 도어 | D21: 식 | E21: 1 | I21: =E21*F21 -> 0 | J21: =E21*G21 -> 0 | K21: =E21*H21 -> 0 | L21: =SUM(I21:K21) -> 0 | M21: 필요 시
A22: 3.6 | B22: 배관·노즐 보양 | C22: 노즐, 플랜지, 통기구 | D22: 식 | E22: 1 | I22: =E22*F22 -> 0 | J22: =E22*G22 -> 0 | K22: =E22*H22 -> 0 | L22: =SUM(I22:K22) -> 0
A23: 4 | B23: 밀착·하부 접합 | I23: =SUM(I24:I28) -> 0 | J23: =SUM(J24:J28) -> 0 | K23: =SUM(K24:K28) -> 0 | L23: =SUM(L24:L28) -> 0
A24: 4.1 | B24: 밀착 장비 임대 | C24: 유압잭 또는 윈치 (용량 25tf 이상) | D24: 일 | E24: 2 | I24: =E24*F24 -> 0 | J24: =E24*G24 -> 0 | K24: =E24*H24 -> 0 | L24: =SUM(I24:K24) -> 0 | M24: 마찰계수 0.5 기준 22.5tf
A25: 4.2 | B25: 밀착·정렬 작업 | C25: 절단면 사상, 간격 확보, 정렬 | D25: 인 | E25: 6 | I25: =E25*F25 -> 0 | J25: =E25*G25 -> 0 | K25: =E25*H25 -> 0 | L25: =SUM(I25:K25) -> 0
A26: 4.3 | B26: 접합부 용접 | C26: 하부 접합선 용접 (통로부 순높이 550) | D26: m | E26: 10 | I26: =E26*F26 -> 0 | J26: =E26*G26 -> 0 | K26: =E26*H26 -> 0 | L26: =SUM(I26:K26) -> 0 | M26: 용접 길이 미확정, 10m는 가정
A27: 4.4 | B27: 비파괴 검사 | C27: PT 또는 UT | D27: 식 | E27: 1 | I27: =E27*F27 -> 0 | J27: =E27*G27 -> 0 | K27: =E27*H27 -> 0 | L27: =SUM(I27:K27) -> 0 | M27: 요구 시
A28: 4.5 | B28: 용접부 방청·도장 보수 | C28: 사상 후 프라이머·상도 | D28: 식 | E28: 1 | I28: =E28*F28 -> 0 | J28: =E28*G28 -> 0 | K28: =E28*H28 -> 0 | L28: =SUM(I28:K28) -> 0
A29: 5 | B29: 안전·부대 | I29: =SUM(I30:I32) -> 0 | J29: =SUM(J30:J32) -> 0 | K29: =SUM(K30:K32) -> 0 | L29: =SUM(L30:L32) -> 0
A30: 5.1 | B30: 안전관리 | C30: 신호수, 화기감시자, 출입통제 | D30: 인 | E30: 6 | I30: =E30*F30 -> 0 | J30: =E30*G30 -> 0 | K30: =E30*H30 -> 0 | L30: =SUM(I30:K30) -> 0
A31: 5.2 | B31: 밀폐·협소공간 작업 대책 | C31: 환기, 조명, 가스측정 | D31: 식 | E31: 1 | I31: =E31*F31 -> 0 | J31: =E31*G31 -> 0 | K31: =E31*H31 -> 0 | L31: =SUM(I31:K31) -> 0 | M31: 통로부 저자세 용접
A32: 5.3 | B32: 폐기물 처리·정리 | C32: 사상분진, 폐도료 | D32: 식 | E32: 1 | I32: =E32*F32 -> 0 | J32: =E32*G32 -> 0 | K32: =E32*H32 -> 0 | L32: =SUM(I32:K32) -> 0
B33: 직접공사비 계 | I33: =I5+I10+I16+I23+I29 -> 0 | J33: =J5+J10+J16+J23+J29 -> 0 | K33: =K5+K10+K16+K23+K29 -> 0 | L33: =L5+L10+L16+L23+L29 -> 0
